{"cameraMode":{"drawMode":0,"name":"Shaded","section":"Shading Mode"},"sceneLighting":true,"audioPlay":false,"sceneViewState":{"showFog":true,"showMaterialUpdate":false,"showSkybox":true,"showFlares":true,"showImageEffects":true,"showParticleSystems":true},"in2DMode":false,"pivot":{"x":1.8176727294921876,"y":4.242079734802246,"z":-0.32529449462890627},"rotation":{"x":-0.008196831680834294,"y":0.8860231637954712,"z":0.01567569188773632,"w":0.4633033871650696},"size":15.366669654846192,"orthographic":false}