{"cameraMode":{"drawMode":0,"name":"Shaded","section":"Shading Mode"},"sceneLighting":true,"audioPlay":false,"sceneViewState":{"showFog":true,"showMaterialUpdate":false,"showSkybox":true,"showFlares":true,"showImageEffects":true,"showParticleSystems":true},"in2DMode":false,"pivot":{"x":160.82101440429688,"y":3.3911309242248537,"z":-13.615857124328614},"rotation":{"x":0.0010394233977422119,"y":0.9953085780143738,"z":-0.01075949426740408,"w":0.09614650160074234},"size":22.0,"orthographic":false}