{"cameraMode":{"drawMode":0,"name":"Shaded","section":"Shading Mode"},"sceneLighting":true,"audioPlay":false,"sceneViewState":{"showFog":true,"showMaterialUpdate":false,"showSkybox":true,"showFlares":true,"showImageEffects":true,"showParticleSystems":true},"in2DMode":false,"pivot":{"x":-3.095942497253418,"y":2.6887123584747316,"z":5.516663551330566},"rotation":{"x":0.01128776092082262,"y":0.8479633927345276,"z":-0.018072448670864106,"w":0.5296263098716736},"size":7.956058502197266,"orthographic":false}